,patient ID,img_no,finger x,finger y,thumb x,thumb y,wristlow x,wristlow y,wristhigh x,wristhigh y,knuckle1 x,knuckle1 y,knuckle2 x,knuckle2 y,class,x1,y1,x2,y2
0,OC01_R_10s_lowfps,img000.png,527.4350875002558,643.7531567340673,568.1252163803956,694.9439640348885,826.704422489672,924.6463044872912,909.397265052537,822.2646898856489,795.2023872276282,652.9412503521634,648.1928893380904,637.1902327211415,0,121.66380180401188,113.94260719352587,1241.6638018040119,1233.9426071935259